Postcode,April Application Count,May Application Count,June Application Count,July Application Count,August Application Count,September Application Count
  1230,12,13,12,13,13,12
  1335,5,5,5,5,5,5
  1340,9,9,9,9,8,7
  1355,10,10,10,10,10,10
  1470,6,5,6,5,5,5
  1490,5,5,5,5,5,5
  1595,5,5,5,5,5,5
  1635,5,7,7,7,7,7
  1885,6,6,6,6,6,6
  2000,10408,10823,10919,10959,11071,10845
  2001,33,35,35,35,36,36
  2006,11,11,11,11,11,11
  2007,529,542,553,553,560,546
  2008,471,488,488,488,493,471
  2009,872,899,912,911,921,904
  2010,2951,3061,3071,3073,3098,3021
  2011,1187,1235,1249,1246,1267,1230
  2015,1277,1329,1333,1344,1349,1320
  2016,685,702,702,713,724,692
  2017,957,987,1007,1016,1027,1004
  2018,882,893,909,906,908,895
  2019,797,854,855,862,868,850
  2020,831,851,861,865,874,858
  2021,1013,1043,1070,1064,1064,1024
  2022,1299,1347,1348,1356,1347,1303
  2023,578,590,596,588,590,573
  2024,611,640,660,659,644,620
  2025,511,533,532,530,524,502
  2026,2049,2128,2147,2167,2162,2058
  2027,544,576,581,582,587,569
  2028,569,593,590,588,590,571
  2029,672,699,705,702,714,679
  2030,814,851,875,875,857,835
  2031,1513,1581,1594,1590,1585,1531
  2032,469,489,496,500,497,488
  2033,403,417,419,417,416,397
  2034,856,887,897,890,898,879
  2035,1405,1458,1469,1483,1504,1460
  2036,1186,1272,1298,1300,1309,1274
  2037,661,692,712,718,714,689
  2038,517,540,538,542,543,524
  2039,519,550,552,559,554,534
  2040,1207,1260,1281,1284,1262,1206
  2041,928,1007,1019,1022,1027,995
  2042,1055,1107,1112,1119,1122,1088
  2043,317,337,343,332,334,308
  2044,557,576,585,589,590,577
  2045,287,301,293,300,303,295
  2046,1314,1376,1394,1396,1390,1364
  2047,634,667,665,666,668,652
  2048,317,326,333,340,341,334
  2049,473,497,497,494,489,477
  2050,394,415,421,418,421,411
  2052,9,9,10,10,10,10
  2057,8,8,8,7,8,8
  2060,1761,1867,1894,1906,1924,1876
  2061,366,395,398,395,402,389
  2062,348,361,353,359,351,346
  2063,312,320,324,326,330,319
  2064,692,714,729,722,724,698
  2065,1995,2081,2112,2116,2122,2051
  2066,1422,1485,1481,1498,1494,1444
  2067,1995,2077,2091,2100,2119,2060
  2068,723,761,784,807,797,762
  2069,661,703,717,717,725,709
  2070,582,601,609,607,599,585
  2071,511,527,535,548,544,524
  2072,473,503,497,500,502,485
  2073,721,758,746,753,752,729
  2074,796,825,829,839,833,797
  2075,883,938,944,960,958,930
  2076,907,958,965,961,954,926
  2077,1490,1564,1575,1574,1571,1510
  2079,196,215,216,217,211,203
  2080,135,144,147,149,149,147
  2081,169,190,191,189,190,185
  2082,161,172,180,191,187,178
  2083,84,82,84,86,87,82
  2084,222,239,239,239,237,235
  2085,527,561,570,574,569,548
  2086,674,720,732,734,732,704
  2087,531,569,572,568,575,554
  2088,1368,1448,1471,1485,1475,1430
  2089,730,761,774,779,775,755
  2090,562,594,589,591,591,574
  2092,362,383,387,394,391,366
  2093,1126,1197,1210,1214,1208,1169
  2094,252,275,275,277,276,265
  2095,1056,1113,1105,1124,1139,1093
  2096,703,751,766,767,777,738
  2097,737,778,798,802,801,781
  2099,1874,1989,2016,2021,2021,1941
  2100,1700,1800,1847,1860,1867,1818
  2101,981,1053,1074,1090,1107,1063
  2102,530,550,560,554,560,549
  2103,816,865,883,884,882,851
  2104,185,195,198,205,202,194
  2105,112,121,124,123,123,120
  2106,616,649,655,648,645,624
  2107,1091,1155,1196,1185,1195,1132
  2108,120,129,130,129,132,127
  2109,5,6,5,6,5,5
  2110,466,490,499,504,500,480
  2111,767,824,825,828,830,808
  2112,1287,1354,1367,1391,1354,1319
  2113,1076,1117,1138,1155,1171,1150
  2114,879,911,918,932,915,899
  2115,405,434,450,456,446,438
  2116,430,465,472,476,478,481
  2117,769,808,820,821,804,802
  2118,1040,1086,1116,1117,1098,1081
  2119,452,466,467,467,460,443
  2120,736,787,787,798,800,781
  2121,1076,1123,1134,1149,1122,1084
  2122,1279,1338,1351,1346,1344,1316
  2124,21,22,23,21,24,22
  2125,644,683,702,708,706,689
  2126,531,553,566,578,568,544
  2127,824,858,857,864,863,843
  2128,461,482,490,506,503,496
  2129,32,33,33,34,35,33
  2130,318,335,336,339,330,322
  2131,737,770,764,761,761,742
  2132,417,431,436,438,430,412
  2133,391,401,404,408,411,401
  2134,1072,1107,1117,1112,1125,1110
  2135,1080,1114,1129,1143,1134,1115
  2136,402,412,425,430,427,419
  2137,1281,1346,1360,1370,1362,1322
  2138,746,787,791,804,801,795
  2140,739,772,787,791,784,767
  2141,1202,1250,1268,1292,1281,1240
  2142,1123,1153,1163,1201,1193,1158
  2143,399,411,425,441,451,441
  2144,1787,1839,1904,1977,1976,1942
  2145,2479,2560,2600,2624,2592,2524
  2146,464,474,482,494,475,465
  2147,1318,1385,1412,1427,1433,1387
  2148,2268,2358,2411,2438,2398,2371
  2150,1908,1997,2013,2020,2015,1952
  2151,830,857,878,893,879,856
  2152,360,376,384,381,377,362
  2153,2918,3087,3135,3141,3121,3027
  2154,1882,1994,2022,2026,2028,2008
  2155,2206,2322,2340,2378,2350,2286
  2156,648,685,700,705,697,686
  2157,252,275,279,286,288,278
  2158,557,571,580,585,579,557
  2159,269,284,289,297,300,296
  2160,1543,1605,1646,1675,1689,1650
  2161,1364,1409,1464,1475,1468,1424
  2162,673,701,721,741,732,715
  2163,316,329,346,351,363,348
  2164,1517,1604,1641,1667,1673,1628
  2165,1274,1307,1342,1378,1365,1323
  2166,1674,1711,1753,1789,1776,1747
  2167,213,216,223,219,213,210
  2168,947,972,989,1003,996,960
  2170,3999,4143,4255,4279,4247,4178
  2171,1118,1155,1203,1206,1203,1169
  2172,81,86,91,91,88,85
  2173,299,306,306,315,299,299
  2174,241,252,251,253,246,243
  2175,157,167,172,176,180,173
  2176,1383,1430,1446,1478,1473,1426
  2177,380,391,401,408,415,399
  2178,239,256,262,267,269,265
  2179,383,404,420,423,417,409
  2190,1383,1426,1447,1465,1445,1411
  2191,255,265,274,278,275,274
  2192,625,634,655,664,657,652
  2193,611,635,645,632,647,628
  2194,1107,1120,1144,1159,1170,1153
  2195,1457,1457,1498,1511,1507,1511
  2196,1481,1521,1569,1579,1565,1542
  2197,367,389,391,399,381,374
  2198,293,310,314,320,307,300
  2199,666,703,716,732,713,690
  2200,2364,2452,2492,2525,2529,2471
  2203,422,437,444,453,447,440
  2204,1530,1603,1627,1638,1636,1598
  2205,753,767,780,779,779,769
  2206,832,858,870,890,891,870
  2207,989,1034,1056,1065,1059,1038
  2208,639,674,688,705,706,696
  2209,539,561,565,567,573,565
  2210,1232,1296,1320,1342,1349,1326
  2211,746,776,783,786,794,772
  2212,686,719,720,731,731,719
  2213,583,613,626,636,642,628
  2214,251,272,273,268,270,265
  2216,1237,1282,1293,1303,1301,1271
  2217,1224,1259,1278,1290,1287,1266
  2218,523,535,550,563,564,555
  2219,545,577,582,597,588,575
  2220,1489,1553,1570,1582,1593,1588
  2221,663,701,706,723,721,707
  2222,373,385,385,391,390,379
  2223,713,763,771,770,772,746
  2224,647,672,687,703,705,696
  2225,180,197,206,208,206,199
  2226,363,380,385,386,384,373
  2227,527,559,566,573,583,568
  2228,961,1012,1033,1039,1045,1024
  2229,1891,1988,2021,2029,2048,1995
  2230,1462,1556,1586,1588,1597,1548
  2231,143,155,157,161,159,157
  2232,1319,1381,1414,1415,1416,1370
  2233,789,866,879,883,880,857
  2234,1033,1083,1106,1113,1113,1078
  2250,2734,2899,2938,2966,2969,2893
  2251,1222,1300,1324,1348,1347,1302
  2256,406,429,428,429,436,413
  2257,928,996,1011,1019,1016,984
  2258,183,195,199,208,211,195
  2259,1793,1880,1917,1945,1917,1874
  2260,1160,1235,1252,1259,1255,1211
  2261,1540,1656,1676,1691,1700,1637
  2262,354,371,370,379,369,360
  2263,569,599,604,609,606,584
  2264,430,453,471,469,468,456
  2265,166,178,190,193,195,191
  2267,72,76,80,81,78,76
  2278,54,60,60,59,58,59
  2280,773,823,836,837,832,810
  2281,439,447,457,456,455,435
  2282,528,565,571,573,567,551
  2283,608,638,652,650,642,636
  2284,320,331,337,334,332,325
  2285,816,850,861,863,846,822
  2286,80,86,88,89,81,80
  2287,726,762,771,775,758,731
  2289,645,697,706,709,700,673
  2290,1156,1230,1251,1270,1247,1211
  2291,679,707,717,710,717,681
  2292,189,194,196,204,203,197
  2293,159,166,169,171,173,164
  2294,93,102,103,105,104,99
  2295,133,138,137,139,137,135
  2296,89,90,91,92,91,91
  2297,65,69,71,72,72,72
  2298,211,220,225,223,221,210
  2299,302,316,323,326,321,313
  2300,871,932,940,946,949,911
  2302,190,199,199,192,194,187
  2303,402,425,441,443,446,429
  2304,495,525,522,522,517,500
  2305,404,435,444,446,435,422
  2306,16,15,14,14,14,13
  2307,46,49,47,46,47,44
  2308,8,8,8,8,8,7
  2311,34,34,36,37,37,36
  2312,52,54,54,54,52,49
  2315,506,533,551,554,552,537
  2316,279,297,307,309,307,293
  2317,254,271,269,271,269,264
  2318,319,336,337,337,314,307
  2319,106,114,114,115,112,108
  2320,1126,1182,1188,1176,1169,1151
  2321,399,417,427,437,438,430
  2322,530,576,584,589,581,565
  2323,638,664,665,671,649,639
  2324,597,629,641,653,647,643
  2325,635,670,678,679,660,649
  2326,129,135,141,143,139,132
  2327,140,144,144,149,142,136
  2328,53,58,58,57,57,56
  2329,76,84,88,90,86,85
  2330,442,466,473,483,483,468
  2333,213,224,232,234,224,215
  2334,47,48,50,47,41,44
  2335,172,180,177,179,184,182
  2336,55,59,58,55,56,50
  2337,279,296,303,301,292,282
  2338,61,63,63,63,63,63
  2339,40,43,48,53,52,50
  2340,1566,1656,1707,1741,1693,1649
  2341,29,28,30,30,28,27
  2342,24,30,31,30,33,30
  2343,196,212,217,224,216,220
  2344,22,26,29,28,30,26
  2345,33,37,39,39,40,39
  2346,90,97,98,102,104,97
  2347,82,98,107,108,110,110
  2350,836,895,913,914,899,877
  2352,80,87,87,87,85,84
  2353,22,22,24,25,26,24
  2354,275,296,308,307,306,301
  2355,12,14,14,14,15,15
  2357,132,149,150,149,144,147
  2358,140,145,154,157,159,162
  2359,28,26,32,30,33,34
  2360,457,495,514,507,494,476
  2361,38,36,37,39,39,37
  2365,209,233,241,248,249,243
  2369,14,14,16,16,17,17
  2370,342,370,394,400,390,388
  2371,49,58,59,58,57,54
  2372,226,246,251,251,250,247
  2379,24,29,28,30,30,29
  2380,328,358,365,371,370,364
  2381,41,51,52,50,50,49
  2382,55,62,66,61,62,63
  2386,33,34,34,36,37,37
  2387,15,17,20,20,20,21
  2388,146,157,162,165,167,164
  2390,318,337,341,347,341,322
  2395,23,27,27,28,28,26
  2396,24,27,26,27,29,30
  2397,29,31,31,31,32,32
  2398,19,18,20,20,20,19
  2399,29,32,32,34,36,35
  2400,438,467,478,476,480,467
  2401,15,18,19,19,17,17
  2402,79,88,92,92,91,88
  2403,42,45,45,45,49,47
  2404,58,67,74,78,77,77
  2405,42,46,45,46,47,44
  2406,38,42,42,41,40,42
  2408,34,36,38,38,39,38
  2409,23,28,28,27,27,28
  2410,13,13,14,15,15,13
  2411,5,6,6,6,6,6
  2415,8,11,13,12,14,14
  2420,147,154,158,161,159,160
  2421,75,82,83,85,84,83
  2422,158,166,173,179,172,177
  2423,103,116,119,121,120,116
  2424,18,20,19,19,19,18
  2425,63,70,73,75,70,71
  2426,12,12,13,13,14,14
  2427,63,63,66,67,67,60
  2428,738,783,792,791,794,770
  2429,203,212,220,223,222,218
  2430,766,835,868,880,880,855
  2431,149,154,162,167,171,165
  2439,104,107,105,103,102,102
  2440,521,552,561,560,542,509
  2441,129,129,129,134,132,129
  2443,217,225,229,232,231,223
  2444,1793,1865,1898,1898,1884,1806
  2445,201,213,217,217,218,204
  2446,442,467,492,489,495,488
  2447,217,232,235,234,227,219
  2448,230,244,247,250,245,243
  2449,54,62,61,64,64,63
  2450,1838,1955,2006,2011,1980,1920
  2452,391,420,439,441,432,424
  2453,93,104,105,106,109,106
  2454,357,376,382,387,379,365
  2455,87,97,103,100,100,99
  2456,495,515,515,517,500,485
  2460,654,687,704,705,681,664
  2462,72,78,78,77,76,74
  2463,215,228,235,235,233,220
  2464,310,323,323,323,316,306
  2465,13,14,14,14,12,12
  2466,48,50,52,52,53,51
  2469,100,107,107,113,118,118
  2470,322,353,361,375,358,351
  2471,40,46,48,49,51,46
  2472,54,58,59,60,56,55
  2473,82,87,86,85,85,83
  2474,200,221,222,233,230,228
  2475,14,15,16,17,17,17
  2476,11,14,14,16,16,16
  2477,470,510,516,515,511,501
  2478,1309,1402,1424,1438,1440,1396
  2479,523,560,569,577,574,563
  2480,1589,1697,1755,1733,1717,1674
  2481,1549,1612,1610,1630,1632,1559
  2482,527,553,559,560,566,539
  2483,746,796,812,811,817,795
  2484,795,841,847,856,860,825
  2485,537,563,582,594,596,584
  2486,1073,1138,1149,1167,1168,1119
  2487,799,834,850,852,846,821
  2488,173,180,184,182,182,175
  2489,285,296,302,313,309,308
  2490,27,30,32,31,30,28
  2500,1648,1719,1735,1738,1731,1671
  2502,276,285,291,296,287,283
  2505,138,144,144,144,145,138
  2506,123,123,122,128,126,123
  2508,353,372,385,388,378,366
  2515,518,553,550,568,569,547
  2516,225,240,238,247,241,232
  2517,392,401,407,410,397,386
  2518,515,548,547,554,546,513
  2519,516,537,543,556,539,521
  2520,7,8,8,8,7,7
  2525,312,327,327,327,319,307
  2526,477,511,519,528,526,516
  2527,515,535,541,541,529,508
  2528,400,432,432,431,431,421
  2529,749,802,819,819,814,787
  2530,589,626,631,629,617,592
  2533,634,669,679,685,688,672
  2534,245,260,265,265,264,250
  2535,367,391,399,400,395,386
  2536,599,633,647,657,644,624
  2537,374,396,397,395,392,375
  2538,144,156,157,158,155,147
  2539,758,798,822,818,820,793
  2540,1212,1277,1306,1327,1311,1258
  2541,801,851,857,866,853,818
  2545,35,36,38,38,39,38
  2546,457,476,477,484,479,466
  2548,338,360,361,362,358,345
  2549,176,186,184,185,188,183
  2550,561,596,613,617,603,585
  2551,132,141,140,144,146,140
  2555,12,13,14,15,15,15
  2556,158,163,165,155,174,156
  2557,480,520,531,546,548,541
  2558,212,223,231,232,228,222
  2559,46,50,54,51,46,42
  2560,1751,1824,1840,1852,1851,1801
  2563,12,12,13,14,14,14
  2564,305,313,312,318,316,310
  2565,933,989,1013,1025,1023,995
  2566,792,841,860,880,863,842
  2567,1424,1512,1541,1560,1553,1514
  2568,38,44,44,44,44,41
  2569,51,56,56,57,62,56
  2570,1637,1750,1808,1853,1819,1789
  2571,429,462,469,480,485,468
  2572,129,143,147,153,147,143
  2573,119,125,125,130,121,121
  2574,150,169,176,178,181,178
  2575,670,732,738,738,761,735
  2576,766,812,813,811,806,775
  2577,758,821,837,850,868,840
  2578,113,117,118,114,121,111
  2579,154,167,176,175,177,171
  2580,745,798,818,823,824,805
  2581,66,72,80,83,84,86
  2582,381,424,448,453,457,437
  2583,139,154,161,164,173,171
  2584,28,31,31,33,33,35
  2585,16,16,19,19,20,18
  2586,116,126,129,123,123,118
  2587,118,125,132,133,133,134
  2588,24,26,28,28,28,28
  2590,192,223,234,239,235,233
  2594,384,410,424,429,424,424
  2600,462,478,481,490,493,470
  2601,478,495,498,493,491,479
  2602,648,675,689,683,687,646
  2603,351,368,367,372,370,361
  2604,374,383,382,393,395,389
  2605,249,250,258,250,250,236
  2606,343,360,369,364,364,353
  2607,313,322,333,332,328,316
  2609,523,554,562,565,575,559
  2611,553,577,583,588,590,554
  2612,376,395,382,395,393,383
  2614,327,341,349,346,351,330
  2615,624,651,654,661,669,636
  2617,681,711,718,716,708,684
  2618,74,74,73,73,77,77
  2619,169,169,172,174,168,160
  2620,1096,1160,1193,1206,1205,1162
  2621,192,202,209,209,210,199
  2622,170,191,197,204,205,192
  2623,9,12,12,12,12,10
  2624,11,11,11,12,12,11
  2625,49,51,53,53,53,52
  2626,16,18,19,20,21,21
  2627,321,333,338,347,342,322
  2628,94,110,115,122,119,118
  2629,23,22,24,24,25,24
  2630,309,346,364,365,374,361
  2631,28,31,31,31,31,31
  2632,65,74,73,73,71,70
  2633,11,10,11,12,12,12
  2640,1396,1486,1530,1559,1558,1520
  2641,310,335,344,356,349,336
  2642,179,211,229,238,238,236
  2643,60,63,69,70,67,67
  2644,71,80,86,90,95,93
  2645,28,31,33,33,34,34
  2646,230,245,270,279,294,291
  2647,86,92,97,100,100,102
  2648,75,79,80,85,89,86
  2650,1829,1994,2050,2082,2078,2023
  2651,30,34,35,38,37,36
  2652,179,207,213,219,233,228
  2653,60,63,65,65,64,61
  2655,44,50,57,58,60,58
  2656,55,67,73,74,71,69
  2658,53,61,62,63,64,65
  2659,29,36,38,40,45,44
  2660,48,51,51,53,53,51
  2663,107,124,127,130,129,129
  2665,100,113,117,125,126,123
  2666,225,258,269,278,276,274
  2668,20,23,25,26,29,28
  2669,104,117,116,123,122,118
  2671,176,187,186,194,197,191
  2672,54,60,68,71,71,69
  2675,42,49,52,53,51,50
  2680,835,925,962,970,979,949
  2681,50,54,59,58,59,58
  2700,115,122,138,140,139,137
  2701,61,69,72,73,73,74
  2702,23,23,25,27,26,25
  2703,10,11,11,11,12,11
  2705,223,236,256,254,250,244
  2706,23,25,25,27,26,25
  2707,84,93,98,103,105,104
  2710,337,368,379,387,386,379
  2711,112,122,133,135,136,133
  2712,69,71,73,73,78,75
  2713,114,133,140,143,140,141
  2714,103,118,124,125,132,130
  2715,43,48,55,56,61,60
  2716,63,71,73,76,74,74
  2717,22,27,27,26,27,26
  2720,190,215,218,221,220,215
  2721,17,18,18,17,18,18
  2722,95,113,112,117,116,115
  2725,16,19,18,20,21,21
  2726,16,17,15,15,16,15
  2727,17,23,24,23,22,22
  2729,52,68,69,68,69,66
  2730,44,46,46,45,47,45
  2731,240,259,271,280,281,267
  2732,68,73,81,82,88,91
  2733,19,19,25,26,26,28
  2734,17,18,19,20,21,20
  2735,9,12,14,13,13,13
  2736,9,12,14,13,13,13
  2737,20,23,23,24,27,25
  2738,50,57,58,62,62,63
  2739,39,37,40,41,40,40
  2745,776,826,851,846,857,834
  2747,920,964,989,991,984,959
  2748,109,119,126,128,130,118
  2749,346,363,376,380,378,363
  2750,1651,1748,1785,1806,1814,1763
  2751,7,7,7,7,7,6
  2752,151,168,180,176,176,174
  2753,596,642,651,662,663,652
  2754,194,214,221,225,221,215
  2756,1374,1480,1526,1545,1542,1497
  2757,39,41,43,48,48,43
  2758,400,419,429,429,436,422
  2759,571,601,611,618,611,586
  2760,770,800,814,816,797,779
  2761,741,765,781,791,756,731
  2762,336,350,351,353,336,334
  2763,704,735,753,761,760,733
  2765,1017,1093,1118,1125,1132,1097
  2766,400,424,431,437,429,423
  2767,419,436,427,436,422,422
  2768,829,875,883,893,877,857
  2769,379,395,399,404,392,377
  2770,930,971,991,993,990,961
  2773,190,208,214,216,216,212
  2774,341,361,374,376,377,357
  2775,73,73,76,72,78,73
  2776,111,115,122,121,122,118
  2777,535,573,565,578,584,553
  2778,59,63,66,67,71,66
  2779,118,127,124,121,120,119
  2780,661,687,690,696,699,676
  2782,216,232,232,228,233,224
  2783,96,99,103,102,102,101
  2784,34,38,39,38,38,38
  2785,221,235,239,240,242,230
  2786,48,56,56,57,61,57
  2787,114,122,132,130,128,127
  2790,339,356,361,365,363,349
  2791,9,9,10,9,9,9
  2792,8,8,8,9,8,9
  2793,32,32,34,34,36,34
  2794,338,372,380,372,371,362
  2795,1172,1256,1307,1313,1296,1266
  2797,12,12,12,12,13,12
  2798,85,94,95,95,97,96
  2799,92,91,95,99,98,96
  2800,1327,1405,1424,1427,1423,1358
  2803,8,8,9,9,8,8
  2804,106,117,125,128,122,122
  2805,17,19,21,21,20,18
  2806,41,45,42,40,37,38
  2807,10,12,12,13,13,14
  2809,13,16,16,16,16,15
  2810,169,186,192,193,196,194
  2817,12,12,14,15,16,15
  2818,22,24,24,24,24,22
  2820,164,173,179,181,174,169
  2821,191,213,223,221,217,212
  2822,18,16,17,17,19,18
  2823,81,87,93,93,94,94
  2824,119,127,136,139,141,135
  2825,103,111,119,121,118,119
  2826,12,11,14,15,15,16
  2827,132,145,158,158,158,159
  2828,43,46,49,49,49,49
  2829,138,152,158,163,161,158
  2830,1460,1578,1617,1637,1610,1577
  2831,148,156,159,160,164,161
  2832,95,107,113,112,115,111
  2833,19,20,23,21,23,24
  2834,74,75,77,75,74,71
  2835,117,126,126,122,118,117
  2836,14,17,20,22,23,25
  2839,20,22,25,23,24,24
  2840,92,96,98,96,101,96
  2842,27,31,31,33,33,33
  2843,47,48,47,50,47,50
  2844,53,55,59,59,61,58
  2845,36,37,36,36,36,35
  2846,12,13,13,13,13,13
  2847,30,34,34,34,37,34
  2848,18,20,19,17,17,16
  2849,63,63,67,65,64,64
  2850,658,678,690,698,694,685
  2852,104,109,107,108,106,105
  2864,30,28,29,29,28,29
  2865,29,31,33,34,34,32
  2866,110,116,127,124,122,122
  2867,19,21,22,23,25,26
  2868,19,23,28,28,30,29
  2869,91,102,102,102,102,102
  2870,399,428,438,435,420,413
  2871,360,395,408,413,420,400
  2873,57,63,63,64,65,65
  2874,28,31,37,39,41,41
  2875,47,58,64,67,69,67
  2876,37,38,41,41,41,39
  2877,136,141,154,154,154,152
  2878,13,15,14,15,15,14
  2879,10,10,9,9,11,11
  2880,395,416,429,436,425,409
  2898,47,47,48,47,49,49
  2899,152,159,159,157,159,156
  2900,93,92,94,94,93,91
  2902,212,215,230,236,229,217
  2903,157,161,171,167,169,161
  2904,201,214,215,218,212,206
  2905,413,433,431,437,417,393
  2906,210,211,218,217,219,210
  2911,256,268,277,284,280,274
  2912,218,225,234,230,229,224
  2913,664,694,712,699,699,665
  2914,503,524,533,525,511,501
  3000,6850,7135,7242,7347,7555,7508
  3001,13,15,14,14,16,14
  3002,485,536,541,553,565,558
  3003,454,466,479,490,509,499
  3004,1283,1348,1363,1401,1460,1454
  3005,6,6,6,6,6,5
  3006,963,1010,1022,1042,1083,1072
  3008,902,929,949,952,989,988
  3010,5,5,6,6,6,6
  3011,1152,1193,1233,1273,1343,1348
  3012,1010,1074,1083,1131,1229,1234
  3013,627,659,685,707,761,741
  3015,624,658,676,711,762,774
  3016,839,891,916,943,1029,1025
  3018,443,464,476,496,559,539
  3019,341,345,359,364,387,399
  3020,1743,1814,1884,1973,2134,2113
  3021,1312,1357,1415,1485,1631,1640
  3022,72,69,76,79,94,94
  3023,1917,2003,2085,2173,2361,2377
  3024,533,563,572,604,636,637
  3025,492,524,536,564,603,596
  3026,560,580,597,619,657,658
  3027,295,307,312,336,330,333
  3028,646,676,701,736,809,813
  3029,3798,3918,4024,4179,4238,4242
  3030,3320,3460,3530,3674,3956,3980
  3031,722,767,786,806,817,816
  3032,1086,1143,1184,1229,1296,1301
  3033,508,540,553,584,654,658
  3034,291,318,327,351,404,406
  3036,208,219,226,246,273,271
  3037,1290,1354,1381,1478,1634,1676
  3038,791,847,879,911,1034,1028
  3039,740,773,784,814,881,886
  3040,1145,1201,1234,1279,1383,1380
  3041,509,534,540,573,627,632
  3042,855,912,939,976,1071,1078
  3043,1028,1098,1131,1169,1288,1301
  3044,839,883,921,957,1063,1066
  3045,26,31,31,31,31,33
  3046,1070,1116,1184,1247,1348,1354
  3047,690,724,757,772,838,846
  3048,587,613,638,666,706,716
  3049,279,301,310,327,373,384
  3051,880,911,933,948,974,979
  3052,222,238,241,245,250,250
  3053,827,862,877,907,932,913
  3054,405,433,447,457,481,470
  3055,421,449,464,489,528,525
  3056,1352,1395,1434,1505,1600,1578
  3057,682,711,723,744,801,785
  3058,1701,1764,1816,1871,2001,2000
  3059,615,650,675,715,801,800
  3060,573,584,603,620,635,638
  3061,984,1057,1090,1121,1211,1222
  3062,120,135,135,145,169,161
  3063,26,27,26,29,30,31
  3064,2980,3110,3230,3356,3466,3494
  3065,996,1023,1048,1069,1102,1105
  3066,1061,1112,1131,1148,1197,1195
  3067,660,685,689,707,737,725
  3068,992,1031,1050,1077,1146,1142
  3070,1173,1250,1288,1298,1393,1376
  3071,801,843,863,894,948,959
  3072,1561,1641,1689,1746,1901,1898
  3073,1494,1553,1622,1702,1860,1881
  3074,1161,1256,1294,1348,1464,1459
  3075,585,612,630,651,704,717
  3076,1229,1292,1336,1385,1543,1546
  3078,572,606,623,649,678,684
  3079,726,781,782,810,861,859
  3081,696,731,752,785,841,843
  3082,866,914,935,971,1094,1092
  3083,1031,1084,1116,1159,1308,1308
  3084,904,963,988,1022,1132,1141
  3085,320,349,362,387,446,445
  3086,7,8,8,8,8,8
  3087,210,220,227,244,283,288
  3088,920,975,997,1046,1207,1208
  3089,396,418,445,470,563,572
  3090,126,133,137,147,156,156
  3091,90,99,105,111,130,134
  3093,152,165,168,172,197,195
  3094,298,320,334,358,401,403
  3095,1207,1292,1328,1374,1567,1569
  3096,65,67,69,73,93,94
  3097,80,88,91,95,106,110
  3099,210,223,232,243,296,305
  3101,1275,1342,1374,1411,1506,1483
  3102,353,375,383,395,417,423
  3103,779,804,816,841,887,880
  3104,879,900,938,971,1049,1062
  3105,473,484,506,519,566,571
  3106,717,772,806,826,894,895
  3107,548,571,578,598,641,647
  3108,931,967,991,1044,1120,1124
  3109,1229,1289,1315,1366,1466,1484
  3111,444,467,486,518,560,559
  3113,414,441,462,488,555,552
  3114,178,189,195,200,223,223
  3115,184,196,203,215,260,256
  3116,354,390,403,431,487,493
  3121,2417,2544,2597,2645,2777,2750
  3122,1286,1352,1371,1400,1457,1430
  3123,700,734,747,760,814,822
  3124,1264,1328,1357,1387,1476,1482
  3125,568,589,605,621,678,672
  3126,387,412,424,440,457,460
  3127,836,869,884,902,955,956
  3128,1125,1189,1211,1252,1341,1366
  3129,599,630,639,670,724,725
  3130,1271,1344,1397,1453,1573,1581
  3131,976,1026,1047,1093,1211,1214
  3132,662,700,721,751,805,804
  3133,759,812,824,873,965,966
  3134,1424,1515,1560,1627,1801,1825
  3135,589,616,652,676,757,759
  3136,1399,1507,1563,1641,1926,1929
  3137,470,501,528,565,675,682
  3138,590,620,662,693,804,814
  3139,488,529,548,595,735,760
  3140,622,664,682,724,833,841
  3141,1649,1729,1765,1796,1871,1855
  3142,737,769,779,793,814,804
  3143,546,570,579,596,623,611
  3144,824,854,874,909,957,952
  3145,1012,1063,1073,1097,1155,1142
  3146,924,968,978,1021,1114,1100
  3147,541,568,578,596,655,661
  3148,331,342,349,369,401,401
  3149,1497,1582,1623,1661,1807,1806
  3150,2334,2457,2511,2601,2795,2803
  3151,371,402,411,432,472,466
  3152,1129,1205,1236,1293,1427,1446
  3153,1194,1308,1360,1407,1605,1609
  3154,118,131,134,138,171,174
  3155,664,702,725,765,903,914
  3156,1242,1320,1366,1447,1661,1678
  3158,215,237,242,253,300,313
  3159,89,97,100,107,123,128
  3160,361,390,403,409,487,484
  3161,881,916,926,947,992,975
  3162,992,1042,1059,1088,1152,1153
  3163,1073,1142,1168,1200,1299,1290
  3165,1101,1160,1192,1225,1343,1356
  3166,1172,1235,1264,1298,1430,1436
  3167,397,425,439,455,510,517
  3168,945,989,1013,1055,1106,1102
  3169,698,751,784,828,920,933
  3170,869,916,930,970,1060,1063
  3171,981,1020,1044,1077,1157,1154
  3172,636,674,697,725,830,835
  3173,1033,1089,1137,1179,1281,1302
  3174,968,1018,1061,1106,1201,1217
  3175,3270,3478,3603,3818,4227,4225
  3177,383,391,410,449,540,534
  3178,1194,1265,1309,1383,1543,1551
  3179,272,295,296,312,334,343
  3180,410,434,439,448,502,505
  3181,1371,1418,1435,1471,1523,1510
  3182,1395,1457,1490,1513,1627,1614
  3183,813,849,870,891,951,937
  3184,781,829,834,873,940,920
  3185,812,846,854,880,909,905
  3186,1384,1439,1489,1526,1613,1602
  3187,706,737,762,788,830,833
  3188,865,905,925,951,1024,1003
  3189,847,901,918,945,1038,1051
  3190,496,524,543,568,612,621
  3191,475,504,520,531,588,584
  3192,1342,1434,1472,1526,1692,1692
  3193,873,940,957,983,1067,1064
  3194,561,602,614,644,708,710
  3195,1726,1842,1873,1947,2183,2194
  3196,791,848,874,918,1058,1061
  3197,395,409,425,449,507,523
  3198,676,716,740,767,876,886
  3199,1772,1901,1981,2093,2430,2434
  3200,70,72,78,82,90,94
  3201,841,915,936,991,1124,1122
  3202,166,177,180,191,213,219
  3204,1293,1355,1390,1447,1577,1578
  3205,1601,1673,1703,1720,1775,1755
  3206,649,690,696,707,756,752
  3207,1491,1567,1600,1647,1728,1727
  3211,42,45,46,52,58,61
  3212,330,358,371,380,412,407
  3213,142,158,165,175,178,178
  3214,335,344,362,386,417,402
  3215,622,679,699,712,756,741
  3216,1439,1541,1583,1624,1669,1647
  3217,333,357,366,380,394,383
  3218,542,583,600,608,624,615
  3219,425,486,497,505,534,526
  3220,1448,1543,1583,1608,1632,1607
  3221,56,60,57,63,66,63
  3222,478,527,538,547,573,560
  3223,212,223,235,243,254,259
  3224,416,457,483,498,514,512
  3225,218,230,235,239,253,240
  3226,681,718,731,742,772,758
  3227,217,236,248,255,262,267
  3228,1077,1146,1173,1196,1233,1206
  3230,148,159,157,165,172,171
  3231,88,94,92,96,97,92
  3232,111,113,114,119,120,117
  3233,174,174,172,175,185,179
  3234,18,21,22,22,23,21
  3235,21,25,25,24,25,25
  3236,12,14,16,17,17,17
  3237,14,18,18,19,19,20
  3238,20,20,20,20,20,21
  3239,11,12,13,14,13,14
  3240,81,91,94,99,110,108
  3241,87,96,99,104,108,106
  3242,37,42,45,44,43,42
  3243,26,26,26,26,26,26
  3249,79,92,95,103,105,107
  3250,317,343,350,361,364,352
  3251,16,16,16,17,17,18
  3254,5,5,5,5,5,5
  3260,115,123,125,129,134,128
  3264,42,47,49,52,53,52
  3265,39,41,43,46,50,49
  3266,48,53,56,62,68,65
  3267,5,5,5,5,5,5
  3268,52,56,61,64,72,69
  3269,52,55,56,56,58,58
  3270,11,13,17,16,17,17
  3271,6,6,6,6,6,6
  3272,36,39,39,40,40,40
  3273,7,9,10,9,10,11
  3275,14,15,17,18,19,19
  3277,32,38,41,42,45,46
  3279,5,5,6,7,7,9
  3280,942,1019,1039,1066,1091,1082
  3281,58,63,63,66,64,63
  3282,53,60,61,64,64,63
  3283,37,44,48,49,51,50
  3284,167,174,182,184,191,191
  3285,24,25,25,27,29,28
  3286,8,9,12,13,15,15
  3287,6,6,6,5,7,7
  3289,10,13,14,13,14,15
  3292,6,7,7,7,7,8
  3293,8,7,9,10,11,10
  3294,37,37,39,40,41,40
  3300,266,289,294,297,305,298
  3301,22,25,30,33,34,34
  3302,7,7,8,8,11,8
  3304,38,39,46,50,53,51
  3305,306,321,331,345,370,364
  3311,38,41,43,44,45,44
  3312,13,16,18,18,18,18
  3314,14,20,20,21,21,22
  3315,18,17,21,25,28,29
  3318,25,28,34,32,34,34
  3319,8,8,9,9,9,9
  3321,71,80,79,83,87,84
  3324,18,20,21,21,22,22
  3325,14,14,15,17,17,16
  3328,33,37,37,39,44,43
  3329,7,10,10,13,13,12
  3330,6,7,6,8,9,10
  3331,171,175,185,193,193,187
  3332,34,37,38,38,44,44
  3333,26,28,29,32,32,32
  3334,17,17,19,20,20,20
  3335,97,99,107,116,134,135
  3336,381,397,396,415,452,453
  3337,886,965,996,1056,1181,1200
  3338,584,612,626,652,698,708
  3340,576,612,647,678,738,735
  3341,54,59,62,67,71,71
  3342,103,113,119,126,134,138
  3345,31,34,36,38,41,41
  3350,2122,2258,2293,2338,2399,2399
  3351,242,267,288,283,298,295
  3352,573,613,628,648,677,677
  3353,7,7,7,7,7,7
  3355,349,375,386,388,406,407
  3356,318,337,357,366,372,371
  3357,98,105,108,113,111,112
  3358,36,42,42,47,48,46
  3360,24,25,23,23,22,21
  3361,16,18,20,22,26,25
  3363,93,101,103,108,114,114
  3364,89,95,100,105,109,108
  3370,50,54,57,59,60,60
  3371,19,22,25,26,27,26
  3373,62,77,78,78,85,85
  3374,11,13,13,13,13,14
  3375,9,14,15,15,15,15
  3377,188,194,200,205,215,201
  3378,6,6,6,6,7,7
  3379,13,14,19,20,23,23
  3380,130,141,151,157,161,156
  3381,73,74,76,78,82,82
  3384,15,15,17,18,18,18
  3385,10,11,14,15,17,14
  3387,7,8,9,11,12,12
  3388,5,5,5,6,5,6
  3390,7,10,10,10,12,12
  3393,50,57,60,61,62,61
  3395,6,6,6,6,6,7
  3396,14,14,15,18,18,17
  3400,343,357,375,374,391,387
  3401,93,99,106,110,124,123
  3402,8,8,8,8,9,9
  3407,12,14,13,13,15,20
  3409,19,21,20,22,28,27
  3414,14,19,19,18,18,20
  3418,63,68,68,71,75,76
  3419,19,22,23,26,29,30
  3420,5,6,9,9,11,11
  3423,5,5,5,5,5,5
  3424,11,12,14,14,14,15
  3427,103,109,119,120,137,141
  3428,37,38,40,41,44,43
  3429,940,1020,1060,1119,1292,1288
  3430,9,9,9,9,9,9
  3431,134,150,152,164,183,182
  3432,9,10,9,10,11,11
  3433,7,8,8,9,13,12
  3434,152,163,174,191,204,203
  3435,101,116,120,124,134,131
  3437,411,440,458,469,519,520
  3438,93,97,98,97,109,112
  3440,91,96,98,99,103,104
  3441,74,82,82,85,86,85
  3442,323,344,355,366,387,384
  3444,416,453,467,476,493,489
  3446,39,43,46,45,50,54
  3447,18,19,21,21,22,21
  3448,34,41,42,44,46,48
  3450,302,317,326,341,351,335
  3451,188,197,203,208,212,210
  3453,49,56,55,56,58,55
  3458,98,98,102,108,112,110
  3460,197,203,209,214,226,226
  3461,232,247,248,257,263,262
  3462,38,42,44,46,45,46
  3463,90,96,104,105,112,106
  3464,26,27,28,30,32,32
  3465,228,246,248,259,273,271
  3467,40,37,41,45,49,48
  3468,6,7,8,8,8,7
  3469,9,12,12,13,13,13
  3472,28,29,30,31,31,33
  3475,10,9,12,10,13,13
  3477,18,20,21,23,25,24
  3478,58,64,72,75,81,77
  3480,36,42,48,48,52,50
  3483,29,30,32,33,37,37
  3485,5,6,5,5,5,5
  3490,31,34,36,39,39,39
  3494,12,14,16,17,17,20
  3496,162,179,186,192,198,189
  3498,184,202,212,210,213,211
  3500,963,1024,1043,1069,1080,1057
  3501,79,89,94,96,91,96
  3502,17,18,20,21,20,21
  3505,117,121,129,132,138,131
  3509,5,7,7,9,10,10
  3512,8,8,9,10,10,11
  3515,52,57,58,61,61,54
  3516,15,16,17,17,18,17
  3517,31,37,38,39,41,40
  3518,15,23,23,23,23,22
  3521,18,21,24,26,29,29
  3522,9,9,9,9,9,9
  3523,96,104,105,108,111,110
  3525,30,36,41,42,46,45
  3527,16,21,25,25,30,30
  3530,6,8,9,8,8,8
  3531,5,5,5,5,5,5
  3533,15,17,23,26,28,27
  3537,22,25,26,27,28,26
  3540,8,11,14,15,16,16
  3544,6,11,11,13,14,15
  3546,11,13,17,18,17,21
  3549,76,79,84,88,98,97
  3550,1353,1459,1474,1510,1549,1521
  3551,762,832,846,870,920,891
  3552,6,6,6,6,6,6
  3555,433,452,465,486,504,497
  3556,201,221,231,236,243,247
  3557,18,17,18,19,21,23
  3558,19,22,23,23,25,24
  3559,16,19,20,22,21,21
  3561,94,107,112,114,115,112
  3562,17,15,14,15,17,18
  3563,14,14,14,13,14,14
  3564,666,698,714,724,744,744
  3566,11,12,12,11,13,13
  3567,11,13,15,16,16,16
  3568,86,91,92,94,94,95
  3570,16,18,18,18,18,18
  3571,9,10,10,11,12,12
  3573,7,9,9,9,9,9
  3575,21,22,23,25,26,26
  3579,173,189,207,207,215,217
  3580,24,24,26,28,29,29
  3583,7,9,11,12,12,12
  3584,26,28,28,29,31,32
  3585,412,456,483,502,508,513
  3586,28,29,30,31,34,32
  3588,6,8,11,11,11,11
  3589,8,19,23,25,25,26
  3590,7,9,8,8,9,10
  3591,7,8,9,9,9,9
  3594,10,10,11,12,12,12
  3595,11,12,14,14,14,14
  3597,17,21,22,24,24,26
  3607,5,6,6,6,7,7
  3608,72,80,84,86,90,92
  3610,34,37,41,41,45,45
  3612,30,33,32,33,35,29
  3614,32,34,35,38,37,37
  3616,149,163,168,172,176,176
  3618,8,9,9,9,10,11
  3620,231,260,265,272,271,262
  3621,41,44,46,45,52,49
  3622,11,13,16,16,16,16
  3623,19,22,24,24,23,21
  3624,8,9,10,10,10,10
  3629,158,175,177,182,191,191
  3630,938,1018,1053,1069,1086,1044
  3631,435,482,509,516,518,517
  3632,7,10,10,10,12,12
  3633,24,25,24,25,25,24
  3634,55,60,59,60,65,65
  3635,21,21,25,24,26,24
  3636,131,136,140,144,144,146
  3637,20,22,21,21,21,21
  3638,56,63,62,63,66,62
  3639,17,16,15,16,18,18
  3640,19,27,29,31,29,31
  3641,34,37,39,50,50,44
  3644,327,346,357,375,382,376
  3646,25,29,30,30,30,29
  3649,13,16,17,17,16,15
  3658,162,172,175,184,200,199
  3659,21,20,20,22,28,29
  3660,185,191,199,206,211,210
  3663,7,7,7,8,8,8
  3664,41,43,46,46,48,46
  3665,13,15,16,16,16,16
  3666,166,189,192,196,200,196
  3669,34,34,39,42,44,43
  3670,15,16,15,16,18,17
  3672,269,295,296,308,314,310
  3673,53,56,59,63,71,70
  3675,52,54,57,59,60,57
  3676,8,9,9,9,9,9
  3677,560,589,610,615,638,629
  3678,207,229,245,260,269,264
  3682,19,22,24,25,28,27
  3683,33,37,38,39,41,41
  3685,112,123,134,138,144,146
  3687,21,21,22,22,22,23
  3688,37,41,42,44,45,45
  3690,828,900,938,952,956,925
  3691,274,301,306,310,324,317
  3695,12,15,17,17,17,14
  3697,28,29,31,31,33,30
  3698,48,47,50,50,54,52
  3699,69,73,75,75,78,79
  3700,37,42,42,47,48,48
  3701,33,33,36,36,38,34
  3707,38,47,53,53,54,55
  3709,13,14,13,13,15,15
  3711,29,30,30,31,32,33
  3712,16,16,17,18,19,18
  3713,32,36,36,37,40,39
  3714,124,133,138,144,144,141
  3715,9,11,12,12,12,12
  3717,150,157,162,165,181,175
  3718,5,5,5,5,6,6
  3719,20,22,22,24,26,26
  3720,28,30,31,31,32,33
  3722,290,318,326,350,361,366
  3723,133,143,148,157,166,163
  3724,7,8,8,8,8,9
  3725,14,18,18,20,20,22
  3726,7,9,9,10,10,10
  3727,10,11,11,12,12,12
  3728,8,10,13,15,17,16
  3730,300,317,328,345,351,343
  3732,14,17,16,18,20,20
  3733,19,21,21,20,18,18
  3735,18,19,20,21,22,23
  3737,169,192,198,200,211,207
  3738,14,14,14,14,15,15
  3739,14,14,15,15,16,18
  3740,58,64,64,66,69,71
  3741,250,259,261,265,282,276
  3744,33,35,34,34,35,33
  3746,6,5,6,6,7,7
  3747,233,243,241,244,245,234
  3749,64,72,76,75,81,80
  3750,546,579,596,613,664,659
  3751,11,10,10,9,14,12
  3752,675,721,756,793,875,888
  3753,92,102,105,114,131,131
  3754,1107,1175,1215,1280,1461,1463
  3755,15,17,19,19,22,23
  3756,338,359,371,388,438,439
  3757,291,319,333,362,414,419
  3758,67,72,73,84,95,95
  3759,57,65,66,68,84,89
  3760,20,23,25,29,33,36
  3761,64,65,67,73,86,85
  3762,8,8,8,7,9,7
  3763,54,65,67,71,80,80
  3764,259,277,282,298,308,314
  3765,213,230,250,272,336,339
  3766,46,49,52,57,62,61
  3767,46,47,49,51,60,61
  3770,181,194,205,216,236,238
  3775,195,205,214,225,251,252
  3777,533,573,576,607,665,674
  3778,16,16,16,17,19,18
  3779,34,35,36,37,41,41
  3781,121,128,135,154,187,183
  3782,283,308,321,341,419,418
  3783,87,88,88,94,111,114
  3786,47,49,52,55,66,67
  3787,67,72,74,76,86,88
  3788,106,111,116,119,133,134
  3789,10,11,12,13,12,13
  3791,72,80,84,86,94,90
  3792,41,40,41,44,47,49
  3793,161,174,179,187,214,212
  3795,80,84,89,92,112,114
  3796,352,392,411,435,533,542
  3797,118,122,129,138,161,169
  3799,195,195,199,208,236,239
  3800,6,6,6,6,6,5
  3802,762,818,857,897,990,1000
  3803,691,758,783,822,914,909
  3804,399,416,434,460,527,532
  3805,1716,1798,1853,1973,2273,2295
  3806,1666,1769,1814,1923,2120,2143
  3807,288,310,323,339,399,395
  3808,144,160,165,180,205,209
  3809,335,364,390,414,471,460
  3810,1342,1447,1491,1586,1838,1853
  3812,97,109,114,122,143,146
  3813,42,46,49,51,56,55
  3814,79,87,88,94,110,118
  3815,117,128,137,141,164,169
  3816,79,92,95,95,98,98
  3818,379,411,432,458,510,520
  3820,577,635,660,679,705,683
  3821,119,135,143,150,155,155
  3822,23,24,26,31,32,31
  3823,56,62,62,63,64,66
  3824,97,106,110,115,129,127
  3825,295,313,321,334,353,349
  3831,59,66,67,68,71,71
  3832,13,13,13,13,14,15
  3833,12,13,14,14,18,18
  3835,11,12,13,13,14,12
  3840,302,330,351,356,374,361
  3842,48,49,51,53,51,49
  3844,727,764,785,806,826,799
  3847,40,45,46,50,49,48
  3850,424,460,470,484,487,480
  3851,125,138,141,143,151,149
  3853,7,8,8,9,9,9
  3854,19,23,25,25,27,29
  3856,12,14,15,15,14,14
  3857,9,10,10,11,12,12
  3858,66,72,74,77,81,82
  3859,22,24,24,23,24,24
  3860,173,188,194,206,217,213
  3862,74,83,85,86,93,89
  3864,6,7,6,7,7,7
  3865,16,17,17,17,17,17
  3869,32,35,35,36,36,33
  3870,24,25,26,29,31,29
  3871,74,79,85,90,103,100
  3874,11,12,13,13,14,13
  3875,615,657,662,679,704,696
  3878,25,29,29,29,31,29
  3880,110,115,118,117,121,118
  3882,29,33,35,37,38,35
  3885,56,64,63,62,65,65
  3886,9,12,12,12,13,14
  3887,10,10,11,12,12,13
  3888,71,77,81,86,90,88
  3889,7,6,7,8,8,8
  3891,7,8,7,6,7,9
  3892,53,57,59,58,60,60
  3895,6,8,8,8,8,8
  3896,14,17,17,17,19,20
  3898,35,38,38,38,37,35
  3900,8,8,9,9,9,9
  3902,10,10,10,11,11,12
  3903,19,20,20,22,24,24
  3904,48,48,52,54,57,57
  3909,263,275,276,282,295,288
  3910,613,647,669,717,887,908
  3911,165,168,178,186,223,227
  3912,578,629,662,707,863,888
  3913,151,166,174,184,223,223
  3915,294,322,336,349,422,431
  3916,50,54,60,62,71,72
  3918,112,119,129,142,181,182
  3919,60,67,68,72,98,99
  3921,5,5,6,6,8,8
  3922,377,394,401,415,441,437
  3923,28,31,31,35,36,34
  3925,208,226,225,234,248,250
  3926,169,184,179,189,217,222
  3927,69,74,78,80,91,93
  3928,39,39,40,43,48,47
  3929,75,75,76,78,87,89
  3930,822,871,907,953,1048,1041
  3931,1307,1385,1429,1498,1709,1713
  3933,78,82,85,91,108,112
  3934,766,815,824,871,987,999
  3936,505,553,566,590,709,725
  3937,124,131,132,139,150,153
  3938,130,137,145,149,175,175
  3939,557,603,613,667,817,828
  3940,107,113,112,119,150,153
  3941,622,671,704,746,920,916
  3942,126,136,139,144,173,177
  3943,124,128,134,139,154,155
  3944,37,37,38,37,41,40
  3945,41,41,43,47,47,48
  3946,8,8,7,8,9,9
  3950,126,139,142,145,157,154
  3951,34,40,42,41,45,45
  3953,224,243,256,267,279,277
  3954,14,14,12,14,14,15
  3956,71,77,85,87,96,94
  3957,5,5,5,5,5,6
  3958,7,8,9,10,9,9
  3959,53,57,61,61,64,62
  3960,91,94,95,99,104,101
  3962,21,21,22,24,24,25
  3964,11,11,11,11,11,11
  3965,6,6,6,7,6,6
  3966,11,11,12,14,17,17
  3971,92,96,96,98,97,95
  3975,521,540,550,588,627,628
  3976,576,593,617,649,771,782
  3977,2870,3014,3141,3319,3805,3827
  3978,821,869,881,930,1019,1037
  3979,11,13,14,12,13,14
  3980,99,105,120,125,152,151
  3981,138,151,156,176,230,230
  3984,138,152,158,177,203,208
  3987,33,38,41,43,55,54
  3988,29,29,33,33,37,38
  3991,17,17,18,19,21,22
  3992,16,21,22,21,22,22
  3995,325,349,363,370,387,391
  3996,203,220,225,229,237,233
  4000,3099,3254,3302,3335,3328,3246
  4001,55,58,60,60,61,60
  4004,10,11,11,12,12,12
  4005,872,918,913,908,901,870
  4006,1688,1744,1760,1771,1768,1731
  4007,653,678,686,692,698,673
  4008,120,135,135,136,139,139
  4009,185,199,201,202,204,201
  4010,293,312,312,310,310,294
  4011,655,688,707,701,711,695
  4012,686,719,719,723,708,695
  4013,254,270,271,276,277,266
  4014,527,550,562,569,573,551
  4017,889,927,942,931,916,892
  4018,303,303,306,314,307,299
  4019,575,614,621,629,636,608
  4020,670,709,712,722,732,695
  4021,221,236,240,240,236,222
  4022,122,127,128,128,124,122
  4025,10,10,9,9,10,9
  4030,574,599,598,601,606,579
  4031,436,468,475,471,467,462
  4032,530,566,576,580,577,560
  4034,1411,1487,1491,1494,1502,1464
  4035,773,832,837,838,835,802
  4036,125,137,137,142,146,140
  4037,241,258,265,262,263,248
  4051,959,1013,1028,1024,1023,1000
  4053,1365,1447,1445,1462,1446,1397
  4054,320,332,333,338,331,326
  4055,481,501,500,504,502,478
  4059,498,518,520,523,522,500
  4060,466,505,505,503,506,480
  4061,568,606,604,604,611,588
  4064,1051,1093,1092,1109,1111,1068
  4065,373,390,395,400,401,376
  4066,726,761,766,771,773,746
  4067,217,238,238,237,239,230
  4068,772,810,824,827,817,779
  4069,1240,1309,1329,1343,1358,1300
  4070,364,375,372,379,375,354
  4072,5,5,5,5,5,5
  4073,326,347,352,353,356,339
  4074,884,929,948,952,938,899
  4075,760,800,812,808,804,775
  4076,300,334,340,345,352,344
  4077,801,820,834,834,790,770
  4078,552,573,576,578,547,527
  4101,1425,1484,1492,1516,1525,1475
  4102,488,521,527,533,530,508
  4103,454,480,493,488,484,456
  4104,226,232,228,224,222,218
  4105,545,559,579,572,568,541
  4106,299,322,330,326,325,321
  4107,339,368,371,373,372,353
  4108,509,528,537,547,549,536
  4109,1577,1639,1631,1625,1618,1580
  4110,635,659,666,654,648,629
  4111,26,27,26,28,29,29
  4112,315,322,332,328,314,304
  4113,1255,1295,1311,1328,1293,1264
  4114,634,669,668,657,612,596
  4115,596,609,608,607,595,572
  4116,992,1019,1019,1016,1013,973
  4117,91,96,100,98,93,91
  4118,778,819,817,836,834,806
  4119,513,538,551,554,547,540
  4120,506,528,536,529,535,519
  4121,827,881,889,891,868,842
  4122,1577,1641,1670,1654,1640,1576
  4123,692,723,732,735,722,704
  4124,574,618,627,630,620,600
  4125,252,273,283,290,286,274
  4127,1070,1116,1157,1160,1135,1111
  4128,550,586,602,612,613,584
  4129,396,418,427,427,431,422
  4130,358,388,395,395,407,393
  4131,295,314,317,323,315,298
  4132,362,388,405,391,364,359
  4133,423,441,451,442,435,418
  4151,659,692,706,708,698,679
  4152,1402,1497,1506,1508,1483,1432
  4153,137,141,145,141,140,138
  4154,366,391,389,390,388,368
  4155,117,121,126,122,125,120
  4156,127,141,146,153,145,143
  4157,889,937,955,952,959,920
  4158,92,96,95,98,98,98
  4159,368,399,395,402,394,382
  4160,561,597,598,601,604,585
  4161,361,381,383,392,389,365
  4163,616,646,657,665,668,658
  4164,509,530,537,537,527,507
  4165,1023,1089,1117,1127,1129,1078
  4169,675,714,715,717,720,707
  4170,995,1039,1050,1047,1046,1002
  4171,751,798,804,810,804,783
  4172,339,359,363,367,370,358
  4173,327,355,347,360,356,347
  4174,157,166,173,171,169,162
  4178,783,840,841,834,829,814
  4179,556,591,597,597,580,561
  4183,117,121,121,115,116,107
  4184,142,147,152,157,155,152
  4205,97,102,104,106,103,101
  4207,1767,1867,1920,1943,1932,1903
  4208,764,810,844,849,844,819
  4209,1758,1860,1883,1914,1897,1838
  4210,832,868,886,907,887,865
  4211,2466,2608,2675,2696,2701,2611
  4212,1653,1732,1748,1749,1756,1708
  4213,1447,1548,1578,1583,1582,1529
  4214,2217,2336,2365,2398,2384,2314
  4215,2485,2593,2629,2633,2640,2564
  4216,1623,1707,1748,1760,1764,1710
  4217,2999,3118,3162,3173,3186,3110
  4218,2141,2246,2248,2255,2288,2211
  4219,24,26,27,27,26,24
  4220,2366,2482,2511,2539,2537,2442
  4221,1365,1449,1459,1469,1463,1394
  4223,863,909,923,920,925,888
  4224,349,365,365,374,372,350
  4225,498,522,534,537,537,520
  4226,1683,1769,1777,1779,1783,1716
  4227,1053,1120,1151,1150,1148,1106
  4228,314,336,349,350,356,338
  4230,23,24,24,23,23,22
  4270,154,168,179,179,176,171
  4271,12,12,11,11,11,11
  4272,411,429,437,441,437,423
  4275,181,189,194,194,195,185
  4280,483,525,542,551,545,530
  4285,527,565,591,595,577,569
  4287,31,35,36,35,37,36
  4300,1403,1483,1495,1493,1402,1355
  4301,471,478,485,480,430,425
  4303,49,51,50,49,49,48
  4304,294,307,304,299,290,277
  4305,1077,1149,1183,1185,1165,1141
  4306,882,954,969,957,951,929
  4307,37,40,42,43,44,44
  4309,84,92,96,97,97,93
  4310,178,198,204,204,202,200
  4311,212,219,222,220,219,215
  4312,63,65,70,69,68,66
  4313,68,71,73,74,74,71
  4314,48,53,55,56,55,52
  4340,108,119,130,139,137,132
  4341,272,285,297,294,299,299
  4342,68,76,79,80,80,79
  4343,291,320,321,325,320,319
  4344,89,95,102,104,106,105
  4346,33,34,34,33,33,30
  4347,33,37,37,38,38,40
  4350,2981,3198,3261,3269,3238,3175
  4352,827,882,910,921,924,900
  4353,14,14,16,16,16,15
  4354,24,26,31,31,32,30
  4355,69,76,77,75,77,73
  4356,170,175,189,195,196,193
  4357,64,73,80,79,81,82
  4358,65,77,80,79,78,77
  4359,38,43,43,42,46,46
  4360,22,23,25,27,27,27
  4361,101,104,114,116,118,115
  4362,107,116,118,120,119,116
  4363,22,22,22,23,22,20
  4364,13,15,16,16,16,16
  4365,12,13,12,12,12,12
  4370,562,604,606,610,597,591
  4371,26,27,28,30,30,30
  4372,7,7,8,8,8,9
  4373,35,36,37,37,37,36
  4374,16,18,19,20,20,20
  4375,9,9,9,9,9,9
  4376,16,17,18,17,18,18
  4377,20,23,23,23,24,24
  4378,30,31,32,30,33,33
  4380,299,327,325,326,333,321
  4381,21,21,21,20,21,20
  4382,38,43,41,40,39,40
  4383,10,12,12,12,12,11
  4385,52,58,56,57,58,60
  4387,52,55,57,58,56,56
  4388,17,19,24,23,23,23
  4390,353,412,430,427,423,416
  4400,35,38,40,37,38,39
  4401,115,125,128,131,130,129
  4402,13,14,14,15,14,14
  4403,45,49,49,49,50,51
  4404,32,34,37,37,38,38
  4405,458,484,502,511,511,496
  4406,85,91,96,96,98,95
  4407,25,29,33,33,34,33
  4408,42,45,47,46,49,51
  4410,59,66,66,66,65,64
  4411,29,29,29,29,28,30
  4412,21,22,22,24,24,23
  4413,201,225,236,233,233,224
  4415,60,66,64,67,69,66
  4416,32,38,39,40,41,39
  4417,28,32,32,33,34,34
  4419,33,38,41,39,40,41
  4420,62,71,78,77,80,77
  4421,60,62,65,66,69,68
  4422,40,48,46,45,45,46
  4423,21,20,23,22,21,20
  4424,9,10,10,8,6,6
  4425,11,11,11,11,11,11
  4426,7,7,7,7,7,6
  4427,16,17,17,17,16,16
  4428,34,34,39,39,40,38
  4454,33,39,42,46,48,48
  4455,303,327,331,340,343,333
  4461,5,7,7,8,8,8
  4462,6,7,7,7,7,7
  4465,40,52,57,56,56,56
  4467,9,11,12,11,10,10
  4468,12,15,15,16,15,15
  4470,76,80,88,87,89,89
  4472,38,41,46,45,44,44
  4477,22,27,28,28,28,28
  4478,27,27,28,27,26,26
  4480,27,34,35,34,33,32
  4481,6,6,6,6,8,8
  4486,47,52,56,57,57,56
  4487,124,139,146,146,153,152
  4488,14,15,17,17,17,17
  4490,49,54,57,59,61,58
  4491,6,7,7,8,8,8
  4494,15,17,18,17,17,17
  4496,18,20,21,21,20,21
  4497,30,34,35,36,35,36
  4498,11,11,11,11,11,11
  4500,1365,1460,1483,1499,1499,1431
  4501,142,153,160,157,158,151
  4502,167,179,181,181,177,165
  4503,917,971,971,966,949,920
  4504,411,442,447,453,452,424
  4505,565,613,632,632,628,617
  4506,461,490,500,503,501,482
  4507,455,470,484,488,482,472
  4508,312,316,330,335,334,317
  4509,889,920,941,933,916,885
  4510,944,1003,1018,1029,1038,1004
  4511,190,203,203,202,204,194
  4512,134,141,145,147,146,145
  4514,186,200,209,207,203,194
  4515,93,100,107,108,105,100
  4516,121,132,138,141,137,134
  4517,18,19,19,19,21,21
  4518,161,174,174,179,180,175
  4519,257,277,281,283,273,272
  4520,618,658,671,674,678,658
  4521,192,205,212,210,212,203
  4550,179,195,200,199,199,193
  4551,2247,2368,2387,2411,2403,2315
  4552,413,431,437,432,434,415
  4553,342,358,356,354,357,333
  4554,106,117,119,116,124,115
  4555,303,323,328,329,335,325
  4556,2019,2154,2185,2194,2175,2095
  4557,981,1032,1045,1052,1055,1005
  4558,1314,1383,1394,1396,1405,1356
  4559,284,307,313,319,323,312
  4560,1139,1200,1220,1215,1207,1154
  4561,426,449,461,460,461,450
  4562,595,619,632,630,630,610
  4563,424,448,453,457,462,448
  4564,578,617,626,620,612,599
  4565,622,655,664,671,668,639
  4566,798,838,845,846,848,816
  4567,1039,1093,1091,1117,1116,1059
  4568,159,163,163,164,160,151
  4569,68,67,72,71,71,71
  4570,1161,1234,1280,1296,1276,1238
  4571,38,37,42,43,41,38
  4572,250,265,275,272,272,266
  4573,1579,1668,1682,1706,1693,1651
  4574,61,60,61,63,65,62
  4575,1400,1476,1488,1480,1485,1429
  4580,95,101,100,98,98,96
  4581,96,103,103,103,104,100
  4600,26,26,30,29,30,30
  4601,41,47,48,49,50,49
  4605,88,100,102,104,96,95
  4606,61,68,71,69,71,68
  4608,32,36,34,34,36,37
  4610,389,417,435,441,439,425
  4611,7,7,6,6,6,6
  4612,7,8,9,9,9,8
  4613,22,27,29,26,25,24
  4614,23,23,25,24,24,24
  4615,151,163,171,172,168,168
  4620,12,14,16,14,15,15
  4621,35,39,39,39,44,43
  4625,72,82,87,89,84,85
  4626,53,68,72,73,71,70
  4627,11,16,20,20,20,21
  4630,43,44,48,50,47,46
  4650,556,587,597,595,584,570
  4655,1404,1492,1502,1494,1462,1403
  4659,74,79,81,82,82,77
  4660,178,197,204,204,203,202
  4662,9,10,11,11,12,11
  4670,1648,1750,1771,1776,1722,1673
  4671,70,73,83,88,89,81
  4673,13,14,12,13,12,13
  4674,26,28,27,25,26,27
  4677,166,173,172,164,163,156
  4678,9,10,12,12,11,13
  4680,921,964,969,955,942,905
  4694,6,7,7,7,7,7
  4695,15,17,18,19,18,19
  4699,15,19,18,21,21,21
  4700,602,629,636,635,629,615
  4701,679,732,744,752,743,719
  4702,600,661,680,684,687,676
  4703,597,631,640,633,626,600
  4705,11,16,16,17,18,17
  4707,9,9,9,9,9,9
  4709,7,9,10,10,9,8
  4710,81,90,93,92,88,86
  4711,30,37,37,37,38,37
  4712,9,10,10,11,11,11
  4714,23,25,27,26,26,24
  4715,107,117,122,123,123,115
  4716,12,18,18,18,20,16
  4717,48,49,50,48,44,42
  4718,37,42,45,45,47,45
  4719,37,40,39,39,37,36
  4720,367,389,401,401,390,383
  4721,84,97,104,109,108,104
  4722,45,62,67,70,69,69
  4723,41,46,47,46,47,47
  4724,29,33,36,38,38,39
  4725,41,43,44,44,44,42
  4726,6,6,7,7,6,6
  4727,9,10,14,14,14,14
  4728,8,9,11,11,11,11
  4730,113,121,120,118,119,118
  4732,7,7,8,6,7,7
  4735,36,37,39,37,37,36
  4737,144,148,156,154,152,149
  4738,25,27,29,29,26,27
  4739,7,7,7,7,6,6
  4740,1764,1853,1904,1905,1870,1812
  4741,133,149,163,169,169,163
  4742,20,25,27,28,28,29
  4744,83,87,87,86,82,84
  4745,24,26,29,26,28,25
  4746,11,11,11,11,11,11
  4750,68,74,73,82,77,76
  4751,70,78,76,75,76,74
  4753,71,77,76,78,75,72
  4754,40,44,44,44,44,44
  4756,13,13,16,16,16,14
  4757,12,11,11,11,11,11
  4798,20,23,25,25,24,24
  4799,23,25,26,24,24,23
  4800,388,402,413,420,408,401
  4802,739,760,761,758,765,736
  4803,20,20,19,19,20,20
  4804,27,32,34,32,33,32
  4805,209,239,256,254,254,250
  4806,63,67,68,68,61,61
  4807,263,276,284,295,291,280
  4808,23,23,25,27,27,27
  4809,34,37,38,39,38,38
  4810,926,964,966,951,946,907
  4811,226,242,245,241,241,232
  4812,606,627,626,623,615,600
  4814,1030,1077,1081,1075,1081,1040
  4815,213,237,234,244,231,228
  4816,179,190,199,196,199,193
  4817,539,556,557,550,536,521
  4818,541,575,589,593,579,551
  4819,138,141,140,139,140,134
  4820,168,184,185,188,179,166
  4821,48,52,52,52,51,50
  4822,19,24,28,28,28,29
  4823,20,28,28,27,30,28
  4824,37,37,36,35,36,33
  4825,249,261,255,261,252,228
  4828,9,9,8,8,8,8
  4829,9,11,11,11,11,8
  4830,10,10,10,10,10,10
  4849,47,48,49,49,50,51
  4850,345,383,453,460,456,451
  4852,202,210,204,203,207,206
  4854,147,163,165,173,168,166
  4855,26,30,30,30,30,27
  4856,14,16,17,17,16,16
  4858,37,41,40,39,37,32
  4859,9,9,10,11,10,9
  4860,280,296,299,306,313,292
  4861,30,31,33,33,33,32
  4865,203,241,245,250,255,241
  4868,525,560,575,575,567,551
  4869,420,432,429,437,422,411
  4870,3627,3781,3810,3818,3787,3646
  4871,268,286,295,301,312,308
  4872,151,165,166,168,170,166
  4873,329,340,350,351,345,330
  4874,74,76,76,74,72,71
  4875,63,65,62,65,66,63
  4876,18,22,21,21,22,20
  4877,525,538,540,536,537,534
  4878,510,524,535,530,527,512
  4879,794,833,827,833,837,813
  4880,387,402,408,403,402,396
  4881,265,270,272,273,270,263
  4882,107,120,128,130,130,129
  4883,306,323,325,328,324,316
  4884,91,94,92,90,92,90
  4885,125,137,141,142,141,139
  4886,22,26,27,27,28,27
  4887,41,45,44,45,46,45
  4888,71,72,75,76,75,71
  4890,20,22,21,21,21,19
  4891,29,32,32,33,34,33
  4892,19,20,20,19,19,19
  4895,101,107,111,104,107,100
  5000,3085,3220,3273,3304,3315,3256
  5001,19,18,20,19,19,19
  5005,8,8,8,8,7,7
  5006,552,564,560,554,563,557
  5007,438,457,469,474,472,454
  5008,423,445,444,451,443,440
  5009,332,344,356,356,359,347
  5010,172,178,187,191,186,185
  5011,382,408,429,431,423,418
  5012,248,267,270,273,266,257
  5013,378,437,451,453,455,441
  5014,340,374,384,389,392,385
  5015,292,305,310,314,319,317
  5016,182,202,205,206,209,199
  5017,50,51,52,53,51,49
  5018,89,98,97,98,97,95
  5019,215,234,235,239,246,234
  5020,67,73,75,74,81,77
  5021,212,215,218,221,221,215
  5022,505,535,539,540,537,517
  5023,424,441,453,458,463,459
  5024,414,438,450,448,455,439
  5025,258,274,282,283,289,273
  5031,636,678,691,702,702,682
  5032,370,406,410,414,416,409
  5033,352,375,381,379,377,371
  5034,528,546,559,561,564,540
  5035,293,319,325,328,328,319
  5037,315,329,337,338,347,334
  5038,453,476,490,499,498,479
  5039,463,484,489,510,515,498
  5040,59,63,64,64,63,58
  5041,417,438,443,440,439,422
  5042,341,357,363,359,357,350
  5043,394,418,426,431,425,415
  5044,375,414,422,422,416,409
  5045,668,708,722,719,725,698
  5046,250,264,265,264,263,259
  5047,198,212,209,211,213,206
  5048,437,465,468,467,470,456
  5049,321,350,358,359,361,353
  5050,158,169,167,166,166,166
  5051,420,443,439,447,446,427
  5052,183,195,197,204,207,191
  5061,654,680,681,691,699,677
  5062,541,561,572,568,566,546
  5063,729,777,785,782,780,762
  5064,395,416,419,422,428,419
  5065,515,560,570,571,562,540
  5066,466,491,502,505,505,488
  5067,1047,1129,1167,1174,1183,1153
  5068,452,477,474,474,469,455
  5069,582,605,619,625,623,609
  5070,532,572,590,585,591,571
  5071,9,8,7,8,7,7
  5072,410,446,460,459,467,454
  5073,438,461,476,469,472,465
  5074,401,445,466,470,475,460
  5075,284,299,310,311,314,301
  5076,247,267,280,281,289,277
  5081,383,401,416,414,412,404
  5082,551,587,590,589,591,569
  5083,213,228,230,238,238,229
  5084,343,371,378,382,385,374
  5085,559,586,590,591,593,571
  5086,410,439,463,465,465,455
  5087,336,357,359,363,368,363
  5088,146,159,160,161,159,155
  5089,154,168,177,177,178,174
  5090,134,141,149,152,151,151
  5091,178,189,198,206,204,205
  5092,411,433,428,432,431,412
  5093,191,200,203,204,208,204
  5094,171,191,201,199,201,194
  5095,614,647,650,658,660,640
  5096,333,378,389,393,381,366
  5097,286,305,316,323,316,311
  5098,227,237,249,245,236,235
  5106,66,70,73,72,77,78
  5107,337,355,354,356,343,323
  5108,582,630,652,655,659,641
  5109,324,351,359,365,362,357
  5110,193,207,219,224,218,221
  5111,15,16,18,18,20,20
  5112,248,257,263,263,269,266
  5113,149,163,167,164,162,156
  5114,417,440,441,447,438,431
  5115,114,125,129,134,134,132
  5116,137,147,147,147,145,140
  5117,65,75,79,81,82,80
  5118,486,509,515,524,517,501
  5120,120,131,150,159,165,165
  5121,49,52,54,53,56,57
  5125,430,462,466,479,475,456
  5126,141,153,158,159,155,144
  5127,135,141,145,142,136,131
  5131,46,54,53,53,55,53
  5132,15,18,18,19,19,18
  5133,9,12,12,13,13,13
  5134,17,19,21,19,19,18
  5136,22,22,23,24,23,24
  5137,24,25,25,24,26,26
  5138,22,22,24,23,24,23
  5139,7,7,8,8,7,9
  5140,11,9,10,10,10,9
  5141,22,23,24,24,24,24
  5142,29,30,31,30,33,30
  5144,21,25,25,26,27,25
  5151,15,17,19,18,19,19
  5152,278,302,305,310,304,293
  5153,239,246,260,263,267,251
  5154,133,139,143,143,140,135
  5155,137,143,148,146,146,137
  5156,30,34,38,39,39,37
  5157,105,112,108,110,113,110
  5158,571,612,627,640,651,628
  5159,715,755,783,795,799,760
  5160,236,259,270,272,271,272
  5161,201,213,216,221,225,217
  5162,604,639,653,667,664,637
  5163,212,231,233,239,237,232
  5164,29,30,29,31,29,28
  5165,152,163,164,164,167,162
  5166,29,28,28,29,27,24
  5167,148,157,159,158,162,160
  5168,139,149,152,154,149,145
  5169,372,399,404,412,409,387
  5170,37,41,43,44,46,42
  5171,339,362,376,381,382,375
  5172,196,213,219,225,225,222
  5173,325,348,347,356,358,346
  5174,70,79,83,82,83,78
  5201,75,79,80,80,78,75
  5202,30,32,35,32,32,31
  5203,41,49,50,48,48,44
  5204,103,109,109,109,111,109
  5210,68,71,69,71,69,67
  5211,462,495,499,505,508,494
  5212,79,85,88,88,86,84
  5213,59,64,63,60,59,57
  5214,202,213,213,216,223,223
  5220,20,22,22,22,23,21
  5221,12,13,12,12,12,12
  5222,39,40,45,43,43,41
  5223,187,203,210,202,203,188
  5231,40,40,39,40,39,39
  5232,11,12,15,16,17,16
  5233,47,52,53,51,50,48
  5234,41,41,42,48,47,46
  5235,84,93,95,99,99,93
  5236,8,7,7,8,8,8
  5237,10,10,13,13,14,12
  5238,92,103,112,113,113,113
  5240,19,21,22,22,24,22
  5241,80,84,81,77,77,73
  5242,52,63,67,67,67,66
  5243,36,41,45,46,46,44
  5244,159,166,174,173,176,176
  5245,183,194,203,203,206,202
  5250,108,116,118,121,119,118
  5251,447,494,502,511,516,504
  5252,148,156,159,160,161,155
  5253,326,342,340,350,349,337
  5254,55,62,67,70,71,67
  5255,278,304,310,315,319,304
  5256,23,24,21,23,24,22
  5259,16,18,18,18,17,18
  5260,32,36,36,36,35,35
  5261,12,13,14,15,15,15
  5263,20,20,21,19,20,17
  5264,50,55,54,54,51,50
  5265,9,11,11,10,11,11
  5266,14,15,15,16,16,16
  5267,41,44,44,46,46,45
  5268,49,54,58,58,61,61
  5269,5,5,5,5,5,5
  5270,12,12,13,14,14,14
  5271,182,197,201,203,210,206
  5272,19,22,22,22,23,22
  5275,64,71,76,78,77,75
  5276,86,92,97,96,95,90
  5277,75,81,82,83,85,85
  5278,5,6,5,5,5,5
  5280,160,173,191,197,204,201
  5290,571,613,631,631,650,636
  5291,180,192,198,208,209,205
  5301,7,10,12,13,14,14
  5302,14,14,18,17,16,15
  5304,13,19,21,23,25,25
  5307,13,12,16,18,18,19
  5311,7,7,6,9,13,12
  5320,19,19,19,19,19,19
  5321,7,6,6,6,6,6
  5322,14,17,19,20,20,19
  5330,96,102,107,107,108,107
  5331,10,11,11,11,11,11
  5332,8,9,10,9,9,9
  5333,159,176,183,189,191,187
  5340,27,29,29,29,28,27
  5341,180,188,192,199,197,186
  5342,23,26,27,27,26,26
  5343,147,146,151,153,149,143
  5344,17,16,17,20,20,18
  5345,48,56,61,60,60,54
  5346,8,9,8,8,8,8
  5350,14,15,15,16,16,16
  5351,152,159,160,162,160,154
  5352,257,275,274,276,280,269
  5353,166,184,184,181,187,181
  5354,8,9,12,11,11,11
  5355,235,247,247,248,251,248
  5356,25,26,28,28,32,29
  5357,9,12,16,16,17,17
  5360,48,54,54,53,54,52
  5371,40,40,38,40,41,39
  5372,40,41,43,45,48,48
  5373,78,90,98,101,103,102
  5374,49,62,65,68,72,70
  5381,9,15,19,21,21,21
  5400,18,18,18,16,17,17
  5401,19,21,21,19,22,21
  5410,6,7,7,7,7,7
  5411,10,12,11,11,13,14
  5412,20,24,26,27,29,28
  5413,26,34,39,39,40,40
  5414,7,8,9,11,11,10
  5415,10,11,11,11,11,12
  5416,6,9,9,8,8,8
  5417,43,48,52,53,54,53
  5418,6,6,6,6,6,5
  5419,13,14,16,16,16,13
  5422,35,39,42,44,46,46
  5431,42,51,54,55,57,57
  5432,11,13,13,14,15,15
  5433,37,37,38,38,39,39
  5434,33,32,34,34,35,33
  5440,12,13,12,11,12,12
  5451,44,49,47,48,48,47
  5452,26,29,28,27,27,27
  5453,248,274,279,281,280,275
  5454,14,18,18,18,20,21
  5460,14,15,18,18,19,18
  5461,47,56,57,57,58,57
  5462,17,23,23,23,23,23
  5464,12,16,20,23,23,23
  5470,6,6,7,7,8,9
  5473,17,17,18,19,20,20
  5480,18,22,22,22,23,24
  5481,11,11,13,11,12,13
  5482,30,34,37,36,36,36
  5483,16,19,19,18,19,18
  5485,23,25,25,23,24,25
  5490,6,6,6,6,7,7
  5491,56,62,68,67,65,64
  5495,12,13,14,13,13,13
  5501,156,176,194,196,202,195
  5502,24,30,33,36,38,40
  5520,9,14,15,15,15,16
  5522,29,30,30,33,33,33
  5523,39,42,40,42,42,40
  5540,198,217,222,228,221,223
  5550,16,20,20,20,18,19
  5552,7,9,9,9,10,10
  5554,111,124,128,132,132,133
  5555,20,23,29,29,31,30
  5556,100,107,109,108,109,104
  5558,115,119,120,122,125,125
  5560,14,17,20,21,21,21
  5570,14,18,19,17,18,18
  5571,48,60,61,63,64,62
  5572,8,9,11,11,11,11
  5573,50,54,54,55,55,55
  5575,89,92,101,98,103,97
  5576,34,40,45,46,45,43
  5577,20,23,24,27,26,28
  5580,9,10,10,9,10,9
  5581,20,24,24,24,23,24
  5582,16,17,15,17,17,15
  5583,25,26,29,28,28,28
  5600,127,134,137,136,135,132
  5602,51,55,56,54,52,52
  5603,33,39,39,39,40,39
  5604,12,13,13,13,14,14
  5605,41,54,58,63,62,61
  5606,555,595,609,626,632,614
  5607,168,197,210,213,208,209
  5608,90,94,97,99,96,92
  5609,20,20,21,20,19,18
  5630,7,7,8,8,8,8
  5631,44,49,50,52,52,52
  5632,6,10,12,11,11,9
  5633,23,24,25,24,23,23
  5640,42,47,49,48,49,47
  5641,38,51,52,58,61,62
  5642,20,24,25,26,26,25
  5650,8,10,10,9,9,12
  5652,25,33,37,37,34,34
  5654,11,14,14,14,14,14
  5661,6,6,6,6,8,8
  5670,28,30,30,30,31,32
  5671,12,13,14,14,16,16
  5680,109,117,125,129,127,124
  5690,120,126,131,134,132,134
  5700,160,170,174,176,178,171
  5701,5,5,6,6,6,6
  5710,15,18,20,20,21,21
  5720,6,6,6,6,6,7
  5723,52,50,48,48,51,47
  5725,36,39,40,41,39,37
  5730,15,16,17,17,17,17
  5731,7,7,6,7,7,7
  5732,10,10,10,10,10,10
  5950,26,27,27,27,28,28
  6000,2035,2139,2148,2153,2175,2107
  6003,331,339,342,343,339,321
  6004,467,489,487,496,500,486
  6005,1009,1074,1088,1095,1080,1062
  6006,469,503,507,505,507,492
  6007,598,630,639,638,624,601
  6008,1336,1391,1418,1421,1430,1385
  6009,944,977,988,983,983,954
  6010,795,839,837,833,826,788
  6011,530,544,551,562,561,535
  6012,318,334,340,347,346,332
  6014,839,873,874,874,871,831
  6015,293,312,312,312,312,302
  6016,433,461,470,474,464,455
  6017,1108,1170,1187,1203,1204,1174
  6018,1244,1301,1312,1312,1316,1241
  6019,830,878,876,882,886,841
  6020,859,897,896,908,909,869
  6021,1039,1091,1116,1118,1122,1087
  6022,121,133,135,140,139,132
  6023,511,540,543,546,540,520
  6024,370,395,400,407,405,385
  6025,988,1032,1046,1046,1051,991
  6026,614,648,660,662,655,610
  6027,1540,1629,1639,1647,1661,1577
  6028,753,794,807,809,806,755
  6029,124,132,135,133,139,135
  6030,1034,1068,1080,1076,1080,1025
  6031,395,418,424,429,413,400
  6032,9,10,14,14,14,14
  6033,40,41,39,40,40,40
  6034,48,50,50,50,51,49
  6035,205,219,221,220,223,212
  6036,346,363,363,368,362,348
  6037,96,103,105,101,103,94
  6038,164,165,171,167,167,159
  6041,28,31,31,29,29,29
  6043,10,10,10,10,11,11
  6044,59,56,55,56,53,48
  6050,661,700,697,699,686,655
  6051,411,435,430,434,430,409
  6052,373,403,403,419,421,400
  6053,626,664,675,670,679,643
  6054,542,569,574,576,564,545
  6055,712,742,757,762,749,715
  6056,1023,1111,1137,1138,1135,1101
  6057,329,348,360,365,358,346
  6058,265,278,275,276,278,271
  6059,828,855,869,877,874,848
  6060,725,746,742,744,742,705
  6061,1114,1135,1131,1134,1100,1062
  6062,1090,1144,1175,1176,1189,1155
  6063,351,360,361,358,347,336
  6064,759,801,822,813,791,772
  6065,2472,2624,2682,2687,2683,2582
  6066,446,482,497,507,499,482
  6069,872,903,904,906,873,842
  6070,130,134,130,133,132,125
  6071,115,126,125,124,127,123
  6072,28,30,32,32,35,33
  6073,126,133,132,128,125,125
  6074,23,24,28,26,27,27
  6076,668,726,734,735,753,729
  6077,105,118,124,124,122,117
  6078,37,43,44,48,48,47
  6081,126,139,143,147,148,141
  6082,67,67,73,77,78,76
  6083,100,112,117,118,119,121
  6084,193,215,226,230,223,214
  6090,730,812,821,820,819,806
  6100,603,635,631,630,635,615
  6101,590,623,630,625,613,586
  6102,367,375,372,369,362,348
  6103,293,311,309,310,302,298
  6104,550,575,594,592,590,571
  6105,473,501,517,516,523,501
  6106,368,404,409,417,422,407
  6107,1320,1374,1377,1363,1352,1318
  6108,503,529,537,530,514,492
  6109,490,517,520,523,524,504
  6110,882,934,947,941,912,890
  6111,490,529,540,542,537,519
  6112,1213,1279,1304,1294,1278,1227
  6121,121,135,136,138,137,128
  6122,342,378,387,384,382,369
  6123,36,39,39,41,42,40
  6124,22,27,28,29,29,28
  6125,91,102,115,115,119,113
  6126,5,7,6,6,7,7
  6147,325,347,364,361,353,337
  6148,492,514,526,518,515,491
  6149,503,529,534,534,530,500
  6150,408,425,433,423,426,418
  6151,739,786,801,804,809,770
  6152,779,808,811,810,805,769
  6153,946,997,999,993,1008,971
  6154,563,586,595,590,592,562
  6155,1836,1954,1962,1983,1945,1896
  6156,553,596,596,602,606,578
  6157,466,506,512,521,523,511
  6158,350,379,378,372,367,347
  6159,219,238,235,239,243,230
  6160,813,849,854,855,857,816
  6161,6,6,7,7,7,6
  6162,514,553,556,555,554,535
  6163,1998,2087,2117,2121,2109,2027
  6164,1590,1677,1685,1706,1683,1609
  6165,46,54,57,59,59,59
  6166,377,408,405,408,404,390
  6167,430,452,464,455,455,431
  6168,519,560,566,553,556,535
  6169,477,505,516,519,509,494
  6170,222,222,222,218,214,210
  6171,525,558,558,556,537,514
  6172,252,260,259,256,255,251
  6173,221,242,251,254,253,235
  6174,71,79,83,84,83,80
  6175,70,75,76,75,75,69
  6176,50,51,52,53,54,52
  6180,84,87,90,88,87,80
  6181,10,10,11,11,13,12
  6207,30,35,33,33,32,32
  6208,204,214,217,221,219,214
  6209,46,51,53,52,51,51
  6210,1554,1649,1645,1654,1642,1578
  6211,155,158,157,161,160,154
  6213,19,19,19,18,19,16
  6214,11,13,16,15,15,15
  6215,74,73,80,79,86,82
  6218,6,7,9,9,9,9
  6219,5,6,8,7,8,7
  6220,82,88,98,97,93,92
  6221,8,9,9,9,9,9
  6223,8,9,9,9,10,10
  6224,27,29,29,28,29,28
  6225,105,118,125,123,121,115
  6226,13,14,13,14,14,15
  6227,14,14,17,19,19,18
  6228,6,6,6,6,6,6
  6229,42,47,47,48,48,47
  6230,1163,1232,1245,1243,1248,1200
  6231,13,15,16,17,17,17
  6232,143,153,154,155,150,146
  6233,285,295,305,300,297,291
  6236,69,77,77,77,82,78
  6237,67,76,75,78,79,79
  6239,105,112,118,117,120,116
  6244,84,93,103,106,116,113
  6251,10,12,12,11,12,12
  6252,8,8,7,7,7,7
  6253,27,28,25,26,25,25
  6254,5,7,9,10,10,9
  6255,132,140,143,146,143,142
  6256,14,13,13,13,13,12
  6258,191,229,233,242,240,243
  6260,76,82,90,93,92,91
  6262,28,30,31,33,32,29
  6271,79,85,81,87,84,78
  6275,77,79,78,76,78,74
  6280,1140,1203,1220,1227,1219,1167
  6281,568,615,630,636,632,600
  6282,153,162,158,163,168,158
  6284,138,149,147,151,156,148
  6285,755,776,789,783,782,759
  6286,50,53,51,52,55,53
  6288,32,36,38,36,39,38
  6290,93,97,96,95,92,88
  6302,118,130,134,141,146,139
  6304,49,56,60,63,64,65
  6306,41,47,51,56,56,57
  6308,53,57,62,64,66,66
  6309,7,9,8,8,9,9
  6311,23,23,24,27,26,25
  6312,152,162,161,161,158,158
  6313,6,6,7,7,7,7
  6315,69,87,91,94,96,96
  6316,12,19,21,21,21,21
  6317,85,99,106,111,112,112
  6318,13,15,17,18,19,19
  6320,19,29,31,33,36,36
  6321,15,24,25,25,26,27
  6322,6,9,11,13,13,12
  6323,21,26,25,27,27,28
  6324,109,116,127,128,130,125
  6326,25,33,33,34,34,31
  6327,10,11,11,11,12,12
  6328,15,18,19,20,21,22
  6330,1076,1166,1208,1215,1220,1177
  6331,10,10,10,11,11,11
  6332,6,5,5,6,6,5
  6333,333,367,368,367,378,351
  6335,34,41,44,48,48,47
  6336,12,17,17,17,20,18
  6337,23,25,28,30,31,28
  6338,46,49,53,55,55,56
  6341,13,13,15,15,17,17
  6343,18,20,21,22,24,26
  6346,37,41,42,46,50,45
  6348,16,18,16,17,16,16
  6350,15,16,19,22,21,19
  6352,13,17,17,19,18,17
  6353,50,55,65,68,67,66
  6355,37,44,47,48,50,48
  6356,10,10,10,10,10,10
  6357,7,9,9,10,9,10
  6358,10,12,14,14,14,12
  6359,41,43,44,45,44,44
  6361,7,9,8,11,11,11
  6363,5,6,6,6,6,6
  6365,23,24,30,31,32,29
  6367,8,11,12,11,14,13
  6369,44,48,51,52,53,49
  6370,21,24,26,26,26,28
  6372,7,8,8,8,7,8
  6375,35,41,44,45,46,43
  6383,26,30,31,35,35,34
  6386,7,6,7,6,6,6
  6390,15,17,21,21,22,21
  6391,39,47,48,52,54,52
  6392,27,31,34,35,37,36
  6393,9,11,13,13,13,13
  6394,10,12,11,13,14,14
  6395,87,110,115,123,129,132
  6396,16,19,21,21,19,20
  6398,41,42,41,42,41,39
  6401,182,210,216,226,230,221
  6403,6,9,10,12,11,12
  6405,8,10,11,12,13,13
  6407,34,35,35,36,38,39
  6409,20,22,24,25,25,24
  6410,29,30,30,31,33,31
  6411,17,18,18,18,18,18
  6415,67,84,85,89,89,87
  6418,41,44,46,46,50,50
  6419,6,6,5,5,5,5
  6420,9,11,11,11,12,12
  6421,7,8,9,9,9,7
  6423,6,6,6,6,6,6
  6424,5,8,8,8,8,8
  6425,12,12,12,13,13,13
  6426,17,19,18,20,21,20
  6430,451,470,452,466,454,434
  6432,93,99,100,104,102,100
  6438,7,9,10,10,10,10
  6440,7,7,7,8,7,8
  6442,6,9,11,11,12,11
  6443,18,17,15,16,16,16
  6445,15,17,19,23,23,26
  6446,7,9,13,14,14,18
  6447,12,14,13,15,15,16
  6448,7,10,12,14,14,15
  6450,416,464,490,502,504,496
  6460,27,34,36,38,35,37
  6461,29,35,40,42,42,44
  6462,5,5,5,5,5,5
  6468,18,18,23,26,26,26
  6472,13,17,18,19,20,21
  6473,5,6,6,6,6,6
  6475,21,22,23,24,22,22
  6477,16,17,20,23,23,23
  6479,27,31,31,35,35,34
  6485,25,28,29,31,32,30
  6488,13,15,15,15,15,15
  6490,6,6,6,9,9,9
  6501,34,41,43,43,47,48
  6502,35,37,34,32,33,32
  6503,67,75,82,84,86,84
  6504,6,6,7,7,7,7
  6505,9,10,11,11,11,12
  6507,26,26,29,31,30,30
  6509,7,7,8,8,8,8
  6510,56,63,67,69,70,69
  6511,38,38,38,38,39,37
  6512,8,8,7,9,9,9
  6514,20,19,20,19,20,20
  6515,27,28,34,37,38,37
  6516,79,83,83,84,83,82
  6517,20,21,24,25,25,23
  6518,11,15,16,16,15,15
  6519,21,23,24,24,22,23
  6521,23,24,30,31,33,33
  6522,19,21,21,22,24,24
  6525,110,115,120,124,123,116
  6528,18,18,17,20,24,24
  6530,965,1010,1017,1018,998,970
  6531,15,17,17,17,17,16
  6532,184,198,203,205,209,209
  6535,58,61,62,62,64,61
  6536,96,97,92,91,91,83
  6537,44,44,42,40,43,39
  6556,47,48,51,53,56,51
  6558,20,21,21,22,20,21
  6560,13,13,14,16,14,14
  6562,17,22,26,28,27,28
  6564,6,10,10,10,10,10
  6566,95,99,106,106,108,105
  6567,5,6,6,7,7,7
  6568,10,11,11,11,11,10
  6569,14,15,16,17,18,19
  6571,5,6,6,7,6,6
  6575,15,18,18,17,17,17
  6603,34,35,42,44,46,46
  6606,13,17,16,17,17,17
  6608,8,8,8,8,8,8
  6609,30,33,33,34,34,35
  6612,11,12,12,12,12,13
  6613,6,7,7,7,8,8
  6616,5,5,6,6,6,6
  6620,13,16,15,16,17,16
  6623,13,16,18,17,16,14
  6630,17,20,22,24,25,24
  6638,10,10,10,10,11,10
  6640,5,5,5,5,5,5
  6642,17,17,17,15,15,17
  6646,8,9,9,10,10,10
  6701,168,181,181,174,177,172
  6707,156,167,165,164,159,148
  6710,5,6,6,7,6,6
  6713,27,30,30,28,29,28
  6714,213,217,217,215,214,205
  6718,11,11,11,11,11,11
  6720,12,13,16,16,14,14
  6721,84,94,95,95,97,96
  6722,83,86,91,95,90,85
  6725,421,444,446,445,435,424
  6726,123,121,124,127,126,115
  6728,63,67,71,71,73,69
  6740,15,17,16,16,16,17
  6743,200,209,210,211,205,201
  6751,26,30,30,29,28,27
  6753,40,39,40,40,41,39
  6754,8,8,8,8,8,8
  6760,6,7,8,8,8,8
  6765,22,23,24,23,22,21
  6770,17,18,17,15,14,13
  6798,45,48,50,52,49,48
  6799,21,22,22,20,20,20
  6865,5,5,6,6,6,6
  6872,8,10,13,11,10,11
  6904,8,9,9,9,9,9
  6916,6,6,6,6,6,6
  6951,10,13,14,14,15,13
  6959,7,7,7,7,7,7
  7000,1285,1336,1350,1355,1353,1303
  7001,12,12,11,12,11,11
  7004,399,421,417,420,422,410
  7005,463,476,485,480,478,457
  7007,80,85,86,88,90,83
  7008,319,335,335,333,329,315
  7009,438,466,472,479,486,466
  7010,336,349,351,353,349,337
  7011,177,183,186,185,186,171
  7012,13,14,13,15,15,15
  7015,191,199,201,201,198,196
  7016,20,19,19,21,23,22
  7017,113,124,129,131,130,125
  7018,503,532,538,542,540,518
  7019,65,69,77,76,74,72
  7020,85,87,86,90,92,84
  7021,84,88,87,87,88,85
  7022,29,29,30,30,34,32
  7023,8,10,10,10,11,11
  7024,21,24,25,26,28,26
  7025,75,79,81,83,81,77
  7026,12,10,10,12,10,11
  7030,240,266,271,274,268,270
  7050,357,384,389,397,390,380
  7051,5,5,5,5,5,5
  7052,179,186,190,188,184,174
  7053,111,113,113,116,120,113
  7054,263,276,276,279,281,266
  7055,28,27,27,28,29,28
  7109,268,282,287,285,285,270
  7112,118,120,117,120,116,115
  7113,30,32,32,32,32,34
  7116,61,64,67,66,68,70
  7117,36,36,37,36,35,33
  7120,32,37,39,38,38,38
  7140,176,191,198,211,206,197
  7150,99,106,109,106,108,101
  7155,35,36,37,35,37,34
  7162,23,27,29,29,27,27
  7163,17,17,15,16,16,15
  7170,255,269,278,276,278,271
  7171,68,72,72,76,76,75
  7172,101,109,109,107,109,103
  7173,171,177,178,187,182,166
  7174,12,13,13,11,12,11
  7175,9,11,11,11,13,13
  7177,27,27,28,27,28,26
  7178,7,7,7,8,8,7
  7179,29,32,33,32,33,33
  7180,9,9,9,9,10,9
  7182,12,12,12,10,11,10
  7184,25,25,28,27,28,26
  7187,5,7,7,8,8,7
  7190,129,139,144,139,141,139
  7209,23,23,24,24,24,24
  7210,26,28,27,26,29,29
  7211,5,5,5,6,6,5
  7212,69,73,73,76,74,74
  7213,8,9,9,9,9,9
  7214,13,14,14,11,14,14
  7215,176,179,181,182,182,176
  7216,159,165,166,165,166,163
  7248,335,351,355,355,341,325
  7249,332,361,376,379,382,366
  7250,1591,1699,1731,1737,1727,1682
  7252,67,72,72,74,75,72
  7253,63,65,68,66,68,66
  7254,19,19,19,20,20,20
  7255,36,38,43,41,42,42
  7256,62,67,73,80,82,83
  7258,50,57,56,54,55,52
  7259,10,9,10,9,10,10
  7260,83,92,98,102,115,109
  7261,14,15,16,15,17,15
  7262,65,69,72,74,73,67
  7263,5,6,7,7,7,7
  7264,18,18,19,19,18,19
  7267,12,14,15,16,17,17
  7268,35,38,39,36,38,36
  7270,81,90,91,94,95,93
  7275,82,87,91,91,91,88
  7276,15,16,16,16,17,15
  7277,157,168,174,174,176,168
  7290,43,46,47,46,47,45
  7291,14,15,15,18,19,19
  7292,21,22,23,23,24,23
  7300,54,63,63,66,62,61
  7301,110,116,116,123,119,115
  7302,41,42,43,45,45,42
  7303,60,65,66,66,67,65
  7304,181,200,205,204,203,199
  7305,23,24,24,24,24,24
  7306,120,128,131,129,129,123
  7307,223,241,242,242,233,226
  7310,702,748,746,758,729,714
  7315,326,341,340,340,332,319
  7316,140,145,144,146,146,145
  7320,389,408,411,415,411,397
  7321,105,113,121,122,124,119
  7322,58,62,62,61,55,53
  7325,173,182,186,190,190,187
  7330,156,168,178,188,188,185
  7331,46,48,48,49,51,51
  7467,25,26,26,26,26,26
  7468,38,38,39,39,39,37
  7469,9,9,10,9,10,8
  7470,5,5,6,6,6,6
  9726,5,6,6,7,8,8
0800,396,419,413,413,415,397
0801,14,14,13,13,14,12
0810,767,775,784,780,772,742
0812,310,318,323,317,317,299
0820,731,752,742,746,758,723
0821,10,10,9,11,12,10
0822,191,206,213,214,213,211
0828,139,149,151,150,155,153
0829,48,49,53,53,49,49
0830,307,310,313,312,296,282
0831,13,13,14,13,13,11
0832,162,170,170,169,172,167
0834,57,62,63,64,63,63
0835,87,97,102,104,104,100
0836,194,208,217,217,218,212
0837,21,20,21,20,20,20
0838,26,33,34,36,35,33
0839,20,19,20,20,20,19
0840,12,12,11,11,11,11
0841,15,15,16,15,17,16
0845,11,12,12,13,11,11
0846,5,6,6,7,8,7
0850,179,183,181,180,181,178
0851,27,27,28,25,24,25
0852,43,49,46,47,47,46
0854,9,10,11,11,11,10
0860,24,25,27,26,25,23
0862,7,7,7,6,6,5
0870,579,598,597,602,578,566
0871,42,41,39,41,39,38
0872,57,57,58,57,58,57
0873,17,20,20,22,23,23
0875,14,15,14,16,14,13
0880,34,30,33,31,31,29
0881,7,7,7,7,6,5
0885,9,9,9,9,7,8
0886,15,16,17,18,17,15
N/A as <5 applications for postcode or postcode not available,903,990,1028,1060,1094,1070
TOTAL,861548,910405,928646,942719,962454,942043
